8170,35856375504000;5290,22461547537000;156,75541627172300;1,82659366545028;9,86926787335128;1,14349837517720;1,78414511084618;7264,30742178923000;28021,77995185950000;76458,43198210540000;2089,30112296542000;4889,03345627455000;5526,26193555577000;518,70182235904800;6,60285311084167;90,99416897958010;172,72947782361500;0,25638422525139;8,76991080753876;22484,78984431720000;15,12922329216040;18,04951116444580;2,20916745185092;13,48479395606840;38,14698221929360;14,41800402514410;42,24186904842130;26,21660175386160;2,76654260773015;0,27528051354808;0,30007580998277;0,76078595478499;0,62121564875919;0,40229090929721;0,52416478719076;10,45024045183590;0,06516712430925;0,67212182665106;28,70925939588350;402,52784558731300;2,65581651186392;12090,68846664160000;0,96387780987933;0,02845662542772;0,29297864919759;12,45663922884520;277,13534060041100;4385,96337810369000;0,08894390756951;0,61952656696731;44,85583463514780;2,15326120421288;14,76297137919230;20,40651038411780;7,47430837705828;12,02463222507030;0,80278957520508;0,68757086228444;133,61139969219000;0,22205855349398;947,57031678681100;357,35735790289700;43,80822073111780;354,48804759054400;180,63426154220000;2,85712152756634;249,91176668409300;0,00000000000000
1004,95994805864000;6106,81108266329000;183,36264177324400;3,72519174176963;22,93899976079670;1,94943836468749;3,24413434827982;84046,27877893820000;152,99908415771500;4376,67546830235000;64,45787178354290;192,81142734628300;250,24140175137900;190,38282124822200;6,63770871691310;143,03866277632400;239,09947093450800;0,46679487836255;0,74532664263487;178,77565097573900;46,12667178430840;7,89612047883161;5,05321947626219;5,41651964032505;52,88842812807140;56,61952361598760;70,62310002961080;49,44445384978590;2,52815261239208;0,71683903192656;0,95724033340073;1,73173965075463;1,24274398263078;0,99247142732675;0,87514562835765;7,27340530365343;0,23085892359947;1,18114891904631;5,69939068190813;751,86310402787500;3,51137484445609;386,78199210485900;1,07368392432589;0,03782930362268;0,34145151276613;22,13646753808200;331,24358668681900;1919,45904308055000;0,21618546156014;1,19134092919761;80,68660296861830;4,28990178047231;25,48837942128630;38,42973937587930;6,82962798891887;14,52577031102850;6,46827915139031;1,13122630650412;36,68929825424730;0,34850965765054;301,70843882580400;120,20425464728200;17,20442615347930;110,89111706924700;110,42371512128500;3,32288916765845;37,97152663133990;0,00000000000000
1414,91624717212000;1437,28191674834000;2063,41167138360000;1,79075373754286;1,82368770208953;0,17010572661288;0,24112750829763;1830,06697624299000;0,62916373472516;261,16769046085200;13,87428784628270;13,08516513910570;25,02437178754460;8,24711444726676;6,78895000963196;1995,45948451518000;3242,74605292962000;0,03539600200378;0,05809161679815;3,66339056408047;162,13204369687800;2,81770348984054;0,08431761660299;0,12671282335640;713,86171172111400;59,56396888963960;910,44283339304800;3,70534048470247;5,51405165386736;0,06950198558393;0,08852236240844;0,17941950541557;0,11471484227308;0,09365776357069;0,07695240834459;2,77338703668382;0,02522399010842;0,14057093731658;0,42571360073368;759,42361424331000;0,27333370516999;161,92522609785900;0,09974022775206;0,00301440690701;0,02736315691959;1,65852722728577;42,67455340675480;549,53667873059100;0,02195125129389;0,10959412749699;5,97662238096640;0,36575555478715;1,94029822420435;2,91622185835022;0,52073672703827;3,78161576951234;0,08396723884656;0,09523742180216;2,63038244155070;0,02956669801646;91,34291375702050;66,86605420154630;8,88893078851739;63,40373452916760;19,81385231738500;0,24397311000473;2,94347562733020;0,00000000000000
154,57131376538500;418,65628402611200;13,28463607554600;255,38746246031200;731,23871623224600;0,30874707824013;1,35871577387025;53,24416637615830;8,15871469126934;279,65589011730100;16,42136834670020;0,06562252102391;0,97438319472677;0,29823966512182;0,94713612624260;0,22325808785297;18,58195233758020;0,14003745618952;6,35971214930730;219,10581348024600;2854,86634279748000;68,70210082234890;8,00507029899106;1,89600834482174;6,72812108031103;4463,24870531530000;1496,01800092015000;337,50822352509400;3,57007932973721;0,34796091611439;35,91948616441550;2,52005090164523;18,62340363280560;34,40127319141380;1,78132219160239;31,98351853012630;2,79925137748524;243,40653944809800;356,51608415844600;5769,23795644246000;2,91757159711374;79,43608270996620;0,65802408995774;0,02811291042174;0,05745762343753;4,36391962864389;2,43823023822250;15,58410592062000;0,08744857401442;0,16450929914358;0,76492018417790;0,61648427766275;1,62960907511865;369,75981527193100;1,59569155281021;1,14743931826446;0,42774142419546;0,35090323466390;2,10638797860987;0,08670223694990;71,22380244877770;16,96006881351120;1,56195182975568;6,82229887710879;5,50021849984656;1,11914052357286;4,31063198449163;0,00000000000000
22,81172011942130;16,09509429301050;0,92885782967197;2,82431054402011;6628,32127677901000;275,32669528811600;28,65553905343650;63,76932722775090;0,44575794508460;591,66733545578100;106,06933800206600;0,12309181793973;91,45179568264880;0,98598288215333;1,64778851193929;39,94455832869880;541,57554397579600;0,14283781758813;109967,36131240700000;1,25437558259455;1370,68937118573000;68,31748473676740;24,56154086284910;28,62167293129490;81,63860494470790;445,44793036996500;311,02555246867200;241,97322301438500;281,26340193222700;1,12421745337589;23,13472015321710;18,27892069041800;61,10097821192770;124,83175050994000;1,57202439605870;2,53152918175245;4,98272994276352;9168,93366015464000;522,95875558222200;572,37827498275600;9,62821110478186;159,89132686676100;71,04351612291390;0,82294154087498;0,27180433400777;47,68791116628620;3,44853070379473;51,03077996118210;0,46020693539775;1,23395407779838;87,26375136755440;4,80510683303626;13,42873287714120;6,84780336504829;13,30964448463850;55,92302679895670;3,13194766054171;5,92044806176419;9,20276935763038;0,72124886302228;1046,06603488293000;8,10650372788760;12,28484487798700;1,50654943212039;7,54270121088122;9,57621159840714;21,89930856209470;0,00000000000000
0,13674265992418;0,07707657923744;0,00799070951594;0,02196497998802;2,35123027783978;1793,54466802779000;45,05216607201850;0,48557035056328;0,03245722407670;0,34478481658167;0,27770406268186;0,06335967246622;0,04339483660498;0,09580971925403;0,10896932523506;0,07442183742771;0,14841066512746;0,01461097471042;0,14467165090320;0,01758844895999;0,34414227413620;0,11931617995299;0,21383962892311;0,70292247375695;0,20161083267265;106,29352494890000;16914,00929010180000;123,08644919276000;0,09651519325135;0,23111339800680;0,55081086407518;4,51658566910976;1,14077086381175;0,66480908118039;0,23246827900945;0,11436778901294;2,63582919337025;0,39093499722450;0,07234069782609;1,28982893210090;0,20090651102351;1,88765881017588;0,11844738050224;0,04249386997842;0,00996504570923;0,14510724830490;0,04381344503133;0,31459912275285;0,02038526942533;0,02085374280474;0,29065393793299;0,36060677130187;0,19109174328603;0,07465066973020;0,16290205664385;6,55719656642092;0,05304075766847;0,12392834523902;0,64194196660851;0,01017867314218;0,14299228421844;0,05233850254606;0,14785892585700;0,09132214272398;0,22754425096017;0,11034237078996;0,13327856121582;0,00000000000000
4,66950147590760;2,62830395617187;0,12435657689530;1,24029225940198;68,17700342044460;10,65637756374980;810,56588004422400;6,00891687643542;0,15093812670485;12,97221839497640;1,46596262999907;0,00300256469067;0,16470018967852;0,03749381525553;0,28587825633065;0,12078566972036;5,89595386415207;3,49788788236800;0,04729014242022;0,99308581171163;30,31777280277770;5,27201896384472;1,70765217715268;0,54015883269521;7,80039831541140;52,37036507940590;1602,22769652468000;5411,81083573526000;31,65892898928290;2,47999090246581;79,43020014997470;12,40347141280730;8,43622464184833;49,25245291236260;12,92216974300760;30,01613145480490;5,56882685463433;0,49175076239489;3,63863135100249;59,82166622041360;0,56351330548292;3,58508758707734;0,16152433475439;0,00000000000000;0,00363770326309;0,07331162075424;0,00462980415303;0,25629272989980;0,00037532058633;0,00000000000000;0,01201025876269;0,01938280962031;0,01520303451126;2,00324890570612;0,23876561417762;0,70972306863614;0,00162229065326;0,00544214850185;0,26001967374228;0,00000000000000;0,51230206414439;0,19266821059277;0,00018766029317;0,41110174781734;0,71872298895548;0,00000000000000;0,38814582575155;0,00000000000000
73,15486970310270;2090,46661273836000;38,30322360608470;9,94761442724322;19,44101520780510;17,03433675955560;3,28405642419351;22154,15903923650000;1,08234791037642;2486,53356120101000;47,12680801295200;2,46396718188823;7,06041257755888;8,66169373435213;1473,71086215622000;5,53992541197695;15,72702646588100;3,19525870320016;23,64817529587960;737,52754758680700;29,64949664901670;44,06311680043330;1728,72120044908000;13,39556838034260;28,41866633119310;9,95461550488226;10,27433090793780;5,78806799527744;65,98348435168210;13,05251308481680;11,42734132795980;65,88511594599670;13,94759371395960;8,03346823080655;3,99704154968970;12,23352146908990;40,66630068884560;6,67900659887384;3,28804627581074;58,97978099312380;7,20798141784920;448,87840910295100;13,17759773410260;0,87761198330423;1,21277320244570;4,67430787299429;445,42571341744900;17469,21456386470000;1,62825791331153;1,66284255252336;6,32798858336164;4,66115801517762;8,48470629220951;4,22516287475760;7,70488743181072;6,62347457416768;5,74452938103908;2,40027067410874;15,89183431777660;0,73876872675355;2176,64482946284000;1294,07520734966000;207,92015422808100;1280,28893932154000;750,19254504142900;7,87269896675700;194,08997714582600;0,00000000000000
53,52524566149820;87,09162909693580;2,39336861140659;1,62679364852864;330,37378178182200;22,21334980849640;3,87581440623354;291,48502026668600;755,07055222638100;3193,14508467683000;671,87756873897100;0,80970769237627;2,01827171113512;2,67488043524696;2,07196313517609;14,51745500490460;5,70749601292621;0,69458070858340;7583,70854361992000;641,94530772093800;141,83333178804100;414,07002298252500;612,65486745914700;355,93828927092300;4,14150981053955;3,01301589929972;3,81893582327559;2,18253904496722;17,07074375610280;4,39639444315845;6,26733569684140;94,89295921445230;16,37569721578040;2,84849535873491;3,88575956322475;3,41251735901971;59,62044103656410;6,04740789994213;10,53448519568430;172,49428311670400;139,72003194254900;273,44868017851400;351,88252707060300;3,04783427728566;9,51311233964501;24,92526168034720;7,15863225990870;795,99698416696400;2,27369758532789;4,36326444569829;12,17291875854370;17,10417600452870;62,69575669637990;8,94179374679261;62,34063300153650;49,82236594018490;19,53525766231610;47,38997455985120;66,91695313599540;31,90577870222120;347,62689946174400;93,44180249802360;10,05068420455390;71,41810484664310;65,57757624135380;9,08217775813915;75,34941728836030;0,00000000000000
1901,00548010646000;13289,22494008940000;896,41032663354900;153,24329869462400;190,88614623315900;51,94853450013760;15,38823898193670;23451,18948198040000;23,73498967436350;28439,29988207330000;2077,06248407151000;14,84845539170460;56,29810269112030;48,64965641931780;64,82366341204690;57,15440879511080;656,92771831631900;23,74502952875290;2114,17012907827000;3052,50074929575000;488,08572103008800;802,79042948723600;1071,73833002873000;229,29722989353000;175,30799702392700;93,45596243893350;91,50209629214270;40,73042594486140;88,81144263424140;75,80027519803540;60,46938672428390;109,61639448507400;56,82349424759340;43,04340259057400;18,51459125063100;81,24943147943620;72,46150632321160;43,78987917857640;32,43876255552290;362,30878240212600;131,80171804312200;3488,17855826104000;177,61548361602500;2,57115173698081;31,86384385790010;38,20217769196090;243,18734776581300;12354,48542469800000;10,17669319451830;10,56422244858030;46,14667479876540;27,97588001272360;179,04353123497700;39,39878479547650;74,56639319464290;36,34161663955790;66,42593036672180;23,28712456110020;77,88083795252240;12,25140922896350;1527,90701135387000;1168,26312702029000;166,10330946258900;1598,31469546011000;711,43383081262600;52,37845641143350;738,01510176999900;0,00000000000000
14,73898961600970;9,35596285662568;0,76997093908304;5,29652408645827;13,25863136785600;7,77520036230235;1,75522336198012;397,93740052880800;1,23984120043718;99,16478890749530;6639,81394591707000;1,60735098972451;4,52833490877306;5,54520554498364;4,33243309155581;4,17091413994194;8,11106531908237;1,64409584790804;63,60973147166470;3,23329530344587;10,80787836298370;13,78534923171800;11,28593901374040;8,40702695398604;10,37293931949780;5,73359306612333;10,69056475424600;3,67270535579463;20,53254700201620;9,84217706717146;9,68171799148223;31,59153096262750;12,54686720919040;8,08295960456564;5,40799293874008;8,34607805897904;19,98090284465650;11,01077893538370;3,02938743539904;69,49047503019390;10,12186720647730;107,19137677975000;17,00446994566610;0,45098488593019;8,10174023063564;6,29546721954864;450,04095222901000;26011,35330764340000;1,28315119838242;1,67033556959101;6,63994826174170;5,11568658293834;98,33703763394510;6,22222046612292;12,41898979663560;3,02019102223267;4,35909421273871;2,92620150596599;13,38594102448160;1,12798027720331;100,98309553671300;69,20349721262480;17,62762806038950;72,57528781193960;174,85302763178200;28,67720167890110;19,69071949636560;0,00000000000000
1,88636916881613;0,98094149694976;0,08951412242454;0,08802785652051;2,19837980450080;2,48237017711259;0,38449654161164;3,12426653591805;0,08724312988449;3,01838444644901;0,69678188723511;304,40931111676200;0,50326688931014;0,69276169613569;0,57329707009853;0,29665772502246;0,77841527883855;0,14759259718012;1,97667481801404;0,17235201458591;1,10704715156240;0,63432236052260;0,48493659722176;0,79277348066486;0,99845903316550;0,64554189699884;0,71252419104541;0,61963993182106;0,72265568027157;1,17121952624734;1,12719242434689;9,95195770586419;1,70556676320775;0,71215731550890;0,50240733713461;0,67606474613097;6,04227097993408;0,62530282358672;0,18846966514893;5,16481067305021;0,45008788726254;3,61602930683822;1,11459363494390;0,10844203309523;0,10146144957081;0,28571453626626;0,14313380237828;2,33308074253652;0,14060471532879;0,12207897960673;0,53625142339177;0,43983916718562;0,45998093839474;0,24562702078754;0,37100818297373;1,33523017964163;0,34056162755850;0,16603915432958;1,66803954153172;0,04718357202210;0,73080867475433;0,48670412463444;0,26664793897649;0,69125629899724;1,77834466440866;0,16768686620770;0,52694908987113;0,00000000000000
642,38995914991500;14,39992405656320;1,89059240106921;137,05393396576000;128,57781705551800;4,12657639354495;4,11609964445894;27,27717916892700;67,02632694351020;244,79517413631300;21,13741749930900;0,89880488750730;8509,67250270762000;13628,94266546110000;2606,66899822401000;11,30503624108120;100,30504670141600;4,97070371047199;6,78659263328482;1,84585652986054;35,19695138921650;48,24993939207570;20,28349172182730;108,51910475626000;616,57318395511400;37,79686873680780;8,81719573546661;8,88285617555920;67,88369878866530;11,98417717569550;48,90490793790650;27,80566490319670;109,61916120840200;1418,38546858291000;76,78237312169340;1187,02036386902000;15,38705266546440;33,39534498085010;10,38917102835940;480,37903467479800;45,60364462338240;208,38349727214100;65,05609980799100;8,93909760097131;2,00787067193724;8,16617321087996;204,64517883014500;171,47627033357300;1,84652027483751;6,34548078421709;6,81506661731629;5,49543009294910;16,86963739148630;8,86291521507316;15,97646109968790;7,72127768236671;6,68964413125311;5,92050443628999;21,53440455195610;1,84555381074522;53,25785182258760;39,20956846820110;10,57414427526170;31,83374890074110;90,55374914721840;9,53368829407065;638,62633407460500;0,00000000000000
17,32386727833840;5,23726815765377;7,63399391199991;3,99471808242301;81,49211695771910;1,73494132677479;0,37286519447343;18,33154196474080;1,20864935888551;21,93067685631170;3,18271966616610;1,00369960563316;71,69177928091100;1582,83985052520000;79,57709097997570;1,12389556611075;4,32203540596257;0,78414974565881;9,03670174239412;0,84125992911235;5,03846036210056;9,27545442518755;2,15694179026710;3,07557505453369;8,28088494829166;12,29395292993690;6,80075721140998;2,17166919481221;32,08815229965300;5,16577057042480;4,38845819402470;8,45823791201599;4,05113399009309;35,39015012733670;1,92374268301771;28,01260075020280;4,08302338691392;93,59935800895450;82,42070102355480;45,41706082068640;2,78311892666425;296,41425628937100;155,30225042610200;6,04323389115066;115,64312662153200;75,06967170389280;72,00767178463190;180,00493869978200;0,67414260807945;97,39334038396210;28,50680009205930;2,15643878666310;420,91592743504800;27,27307832019010;9,38260156156912;113,54396916104000;27,86232438348380;2,31524932948214;114,83274158681200;148,98131377198300;473,71644863312000;417,50202608153800;2,48024710831833;40,22851183546510;75,03360490056670;90,85503787951130;713,71251247902300;0,00000000000000
3,16565033682543;3,50161458170246;0,11250466792072;1,25526484488850;7,23008345788379;3,17311761143446;0,29116857202474;14,20527376646420;0,35946420768284;18,63153693480520;4,76004695440579;0,20646677644838;4,62901374587278;3,94487133089750;4155,66385492541000;0,76695931972834;61,97386895191080;1,81746905485097;1,03400301557141;1,18958284632364;3,09799933677571;4,05325640046890;5,65411055549797;2,92611790725121;20,45528480803310;2,92669395462604;1,60934914593308;1,08690831192954;21,02128228111390;2,01718531238310;3,63223285643326;6,10469834991285;32,39202355924480;14,55331825498110;2,20002452509405;34,98001571223780;3,55122697151085;124,56967118538700;0,97683659044423;38,90917363565220;8,99980497577861;18,53407653852480;16,55632936500750;0,08081135852527;1,68040290888960;0,60163347376523;1,59306238701312;19,16519849754510;1,01064111041020;21,92795999799360;1,29062553950599;3,36618202097666;2,45231216190962;0,71811162448119;1,49740921797070;6,33041205021128;1,97518598107347;1,18349536552449;5,48483282945545;49,19287326760510;23,11345789410080;3,40921724322664;0,57260373082024;3,69071741357487;5,91277325556036;0,71157968630540;3,56616199010970;0,00000000000000
575,89959297462600;408,86174245243500;27,07812557512400;5,02113696526245;3,17608245092161;1,22578109634201;0,26039057384803;57,13450516508580;0,62410237432574;405,60634312057300;91,15068979898580;0,29916003821986;31,36002570266820;2,53334178730341;0,97262586333539;3561,05393560404000;551,46127657980400;0,56589008259152;2,11692740426410;0,99085793006467;24,66911814721880;49,78155158594740;1,84651299333668;1,82690335996628;4,91690452977063;38,36030920868280;20,55937326189150;0,48397907429653;244,31850088749600;2,05607789441078;5,55332009932595;268,62275604963800;139,86950335429900;94,28312224125100;114,49865904487000;5155,44768537208000;2,97041905568859;417,41694997615900;6,52519335784037;5272,35300225127000;15,79612952828270;2542,94708680139000;6,04630495431021;0,38099368757667;0,50376783021611;111,10870455858600;5,26501959526002;27,27843312378650;0,92471510393250;117,46794489921800;9,46403461755932;7,97107624362808;22,24956814249910;451,81329834480400;22,14155609359240;4,32522866336309;4,89994834554903;4,94395872936083;143,49876687104500;1,14953390436087;85,99165543342810;26,26786144740100;20,10872082458560;5,56081744298365;17,94537264566480;15,60488662215330;231,26643156230500;0,00000000000000
484,47657908812700;163,41992247595700;20,61526034711060;5,85789217706728;63,99859009120140;116,44933324593500;19,52237306600110;2946,45086406303000;16,79267793671250;3579,46425396970000;227,40911400970500;527,10497440369900;533,58149741533000;304,23519179782900;599,12898950246600;997,05550669049100;17336,14152329230000;1080,56443627899000;153,59219077541100;55,80084979180660;109,13595645354900;203,32754747842900;1479,59440596345000;881,64015201828500;2148,37352675416000;1464,02606255437000;44,19315721183980;18,77778583374750;1188,06288752870000;697,10906438316400;368,93227969769100;132,28754563694100;290,31712655247200;705,04817118736700;47,98718260128950;861,40980278837100;24,28757078800850;81,11285713043570;57,54879871507470;341,38662747182000;605,50913664203400;5757,97572123594000;172,26839729417200;44,88445765628490;16,69998228300760;301,23450955826800;179,68252927234800;1295,13946387089000;769,85663133128000;121,38809587290200;60,09953349359020;566,53763841554200;1394,24353682122000;292,67537924933400;1496,73774222978000;375,26764977100200;516,77110522373500;441,52115269566500;1897,06108500833000;35,82276357729150;843,65663235264700;646,23875732439800;483,89953807849300;130,78637323497100;839,06053927414000;66,76784138866740;558,64345553989000;0,00000000000000
13,33932233648330;3,13296135320651;2,43872958033129;0,41174963219695;6,61827397143966;14,80411335549830;3,87015447423571;85,18640995274530;11,08775328352400;114,11040389091000;221,79900535778800;5,15767678359797;17,39198135093720;19,53291873377460;12,23921834819600;28,70140216482080;196,93695866875000;996,48161893029700;9,20839536468710;9,89944168325934;5,51796865254918;23,27228845295930;16,90461209911510;18,81088633491120;61,63208660553760;25,16405186889050;18,24360482167360;1,77091659317155;31,44540119102860;194,60325009510600;13,86794081745410;22,02342002062310;28,00518585863170;28,21837239811330;5,39959506544416;39,21112728953320;3,84788545951351;33,91782174402220;11,36692833343120;71,51559352212610;111,40668932049200;6729,94264493394000;56,85771285110060;1,71875039616327;33,68021815335780;63,90674476401140;10,45507832700230;101,21687459550100;1189,41414588843000;211,93620447318500;605,27134125327800;538,32545311155700;1458,00655916736000;330,83616985371600;556,47460661137700;226,79438734590400;2104,07939691638000;63,74454144593370;1293,08324887056000;2,93326760033859;1054,31989883877000;222,82941521480500;41,71412994938620;89,60546970571160;103,38244922276800;328,68184010032200;344,79312245884100;0,00000000000000
13324,65101261180000;4758,62542991587000;734,21101456667100;1173,88835046772000;3533,62370147559000;5368,01632125629000;1314,99308777089000;3253,87446622564000;968,02913987505300;3994,94160755296000;757,13074340790300;20,97717448814750;252,87341167983600;105,18857446851300;196,62808912752200;274,83597556989500;2061,02520297189000;24,55981524654730;115972,10660646000000;1203,78122766192000;10963,87858016280000;986,81319022182000;492,15932803218200;202,70642119898000;1729,66636134561000;3073,36470654725000;3042,90976257064000;2445,88027280953000;457,45427917830100;211,71036214356600;638,27273134537200;485,58556019502900;1087,88766634849000;426,65407859305500;108,68113752120900;292,01228267458200;387,68622326543300;3124,71477104968000;1058,75369596530000;6877,26709907697000;976,20486779013700;16351,70033147260000;77601,86977149530000;1665,58507486981000;6764,23834481238000;2107,37073339908000;86,33223968769000;2272,72680449342000;23,32083265008880;59,61724720914070;90,12383682764780;173,27283184026600;602,60323974464500;102,43329748042100;578,55260101322000;410,69394012466100;132,38606306885100;717,68018005981200;569,50478158277200;451,78188753098400;2342,42667876725000;335,37183666051100;136,12515716704000;80,59096947753080;353,71108603856700;147,23742286200700;727,94119491574300;0,00000000000000
79,90039864344930;99,63605115537940;3,19451392570467;2,50632103815435;632,57369899417700;6,49544383672794;1,60637963433141;227,81003844823400;193,42907447130400;910,61411127191300;183,16587399259300;0,19687255186588;1,40722285808921;0,96640033217444;1,11416341783903;26,89932290377950;9,38484065408829;0,67263276752399;15263,14042443920000;457,97466030632800;296,72564945249400;299,30407939717300;1246,35452872795000;713,90217858632900;7,75736802509012;2,93437258011579;3,47609198831223;1,49325033747634;31,02015323967800;1,49338292940258;3,83332371011292;25,74448498369100;15,04652877289360;2,80461285889337;1,18166011538234;3,59416091274217;16,58246624542490;8,03540878865605;19,76307066567950;293,64415461458800;274,54746406830400;499,37373969186900;701,33619022674700;4,39041338256788;18,37076506298630;45,12245520130220;9,66703834519143;267,16490026211900;3,57084010910557;7,79790062622039;19,93121196806430;31,08543007997000;116,31030923261100;14,91881068412100;120,40394087666500;94,92334031062570;37,08355404892610;94,07689250505040;113,06571632584400;63,77865197027090;545,14846054323800;77,52933945300180;7,98605667906637;31,91594547162280;89,58173995532590;15,02429799430060;141,68801243323700;0,00000000000000
45933,80892813450000;4701,05131277938000;342,76287383710900;238,94315621797600;4856,06483234450000;340,16624594912800;130,92637058502300;458,69650108263000;172,19161058574000;1064,12483402854000;94,73580003157670;16,37982242556940;3539,93117097529000;140,25018781750100;1473,95146625870000;677,61342195344300;4354,55890338994000;67,36273540384480;2579,78489796313000;648,58312906995700;32376,25762618390000;12476,28135842590000;4409,40058870615000;1782,22115770805000;16337,53219760480000;2295,74276728529000;935,97893889251100;907,11767699395100;1235,34823803575000;176,46286660713500;2288,82781131639000;179,07403990697200;153,95776718326800;1134,31433541048000;253,46259335824300;1679,78443550486000;171,51846013256700;176,24785783646200;656,62372022141000;483,87192645763500;95,95877461170190;1197,69966680042000;116,90551510825500;2,47037386041087;4,71895958309858;50,06219488629510;21,04197532542300;167,44335627785200;6,59731007577959;11,59255153149400;36,65003024524380;29,67518308261600;81,33039216428790;75,32477007593230;83,22941615659140;53,37412385206460;26,33549240538860;24,58218406815310;117,98189258010600;4,19009227820041;83,35188556033810;74,57991382844250;72,11832257389120;277,20702160209200;554,09955737863400;57,26186811952730;364,96540875359400;0,00000000000000
23436,86088688930000;2659,04060406790000;87,89315757597040;1560,79305856500000;575,40568860360600;277,17602219131400;112,62823720032200;839,47442182554600;34,24233664874780;2339,59161967291000;116,42192172869800;5,05487471581579;306,23513816688300;43,17164627668770;206,63294880665600;705,30912869604400;1430,94537497058000;638,57581674491700;400,73155372205800;164,27652533570100;2006,76977481453000;9284,64323591483000;1704,26210297623000;864,88755551733500;2766,99946760008000;906,55705391423700;446,55278960697700;91,71037455399450;559,01207672319500;194,65759270110900;204,98601307639700;175,10305968347700;497,87650851793600;231,03305844808500;111,28799435690000;540,55883613956100;671,11508969623500;163,73344109476700;331,61071726111000;7547,29172693123000;879,46694552200500;1715,16694566798000;224,14346422516600;0,97460426084604;3,42082143118815;54,34647857901990;27,37137497922380;87,88359830012830;89,46021517489980;113,90615661083600;21,41148903487970;17,56959134584840;66,39866349750360;1157,33102131393000;41,75965988609110;42,79838563242270;35,71664738910910;22,44924728144140;1733,33561834089000;2,72010070970889;227,89908578942800;255,68471552058400;36,28084620736010;668,46394499611900;97,55428470081490;37,18107185005970;119,88974237834500;0,00000000000000
765,31869659533000;124,11003326615300;4,14089726866175;26,41303718823100;122,20367261385700;63,07439104509360;11,16391658342270;95,47342187355790;9,15110084199374;192,91772867238200;34,51310332400750;3,26679101933350;51,80144094646410;35,76642807128820;26,44034739955920;30,12087421932990;123,11067698108600;22,78376595111020;127,02549382580200;15,69213860448360;448,56065146940200;480,64919218682200;924,76021129199900;75,26523252559850;144,46814715788200;65,69867309589730;38,21826154746300;41,68218191962990;317,05751324934700;29,07920695586010;28,97336634454120;43,50418349306570;34,74120886037690;37,31623725278680;9,70632871924613;38,82162254518670;24,60359005027940;23,95553508271730;42,03339368084160;195,92105694426900;120,41573119587600;1401,08541591183000;203,91759301290600;5,59503799865679;1,12657275988420;68,88372078803420;53,71032990408590;82,23978414632810;21,15826739634970;34,42008564702050;70,62503767764140;17,72242392614270;36,37681615836720;16,27393840391570;190,59551511647900;71,45447075826890;199,62384890920800;71,73245586751870;1199,08628253832000;1,65499587819575;159,23073582114700;119,92667236750500;95,53175347779150;94,28979799268440;592,29414938736900;110,02515349769200;795,73342450201300;0,00000000000000
443,97217151361700;1869,16412311269000;14,50968971942730;21,80157498539080;344,65019746956500;12,74982217742930;2,59744504976955;76,78709134844600;1,35694386744303;285,83398368464000;11,02808015579680;1,35136497560678;11,48196506681070;44,24204433185140;15,51890947688560;7,87984130573728;21,62656009984600;2,97209826876427;12,57786699769730;7,41841486205836;150,79899727563100;375,00097328796400;53,96086844111920;3129,91003395412000;38,41458324214340;12,78249717139970;12,93087823950670;7,89371471277649;12,58100196958790;7,04582947744554;9,07179007037633;23,97879935776180;21,03879905949500;8,17814391275142;2,50450486004707;38,12960797859900;10,45629629856100;9,77885539991523;6,70027837057227;38,49448655618470;11,01173492696340;350,93073801963200;15,00196454714300;3,18548284872685;0,89327323343307;12,37635487929810;5,19677726248727;57,99927610540300;1,05286720430010;3,32424581894358;8,65751095247681;9,92192418756435;18,97080621298360;10,23222913169730;22,65794656034900;38,80506721212540;45,31074713165830;20,78582410027230;42,91721866026480;1,23988955564399;372,68888795536900;319,37331384251100;159,33674970352700;3521,29860653459000;8425,78409160237000;17,09677444030350;404,31235908155800;0,00000000000000
698,19120611358000;235,00732894488000;46,57039289748140;145,47520267522000;191,68712516710300;734,84011836381100;72,85289504530810;2835,27814423268000;123,23956835719600;8166,67266240344000;2823,56166163324000;5,82917254215056;242,18885067794300;198,43575550240000;712,23020966263400;266,74123173075800;738,62736243867900;733,41383985965200;113,58911575992900;43,24909798437820;1403,92851648110000;719,21446758937000;1682,38572972469000;463,56477141678800;14371,99184329820000;1850,30090855353000;520,80804401851000;57,31570849315350;828,61201432048900;912,98050464508500;1826,26808021201000;2015,72577914126000;8176,93290435923000;3620,26891610051000;922,26891684542600;2285,03549969145000;1454,49043470812000;337,04617310518600;429,33990256942300;12177,28638334190000;1941,04359050987000;6198,79444903196000;5894,51587499866000;4,65893958940218;696,32353467198400;156,37460687970200;35,11848209075750;615,77154069853100;13,98893549165580;9,26216397375708;34,37620059484090;32,76504665571460;107,32415523337900;147,82293033279500;554,69942201183700;36,23984788719030;32,21339928353910;323,86813982254700;604,73093153257500;4,77750757714550;220,03322575947400;214,32989186914800;57,36933034832510;570,95267173376400;669,58857904346000;45,98435367747270;182,77788191793700;0,00000000000000
3226,66693570697000;1972,18333889161000;72,87721816016360;80,01678165224720;109,46266218057500;21,62343709406450;13,35298061934560;52,31243536707100;88,04164891455610;1536,08230750864000;1582,23839275135000;1,87681769265987;19,83970231540960;18,91134230640440;14,02956398829110;17,49017703655070;282,77672218878600;18,73691183970890;27,18493983217640;16,32096750100600;717,09024042645700;233,06885724116000;355,94957499027900;84,72692889525270;536,72747165346600;6686,56876369252000;367,35699335930700;31,73242907692760;183,80103775891000;22,68964480828760;295,70879757108400;261,01808842788700;1978,39441185333000;128,52620199083900;154,58363286437000;460,50952148381100;243,22270585133000;1815,86342493231000;852,51394541595200;42784,11800966200000;251,57376288980400;339,42855859245000;33,65111849124890;1,08664971330317;1,21224930182107;29,99156379790890;193,48773304830700;697,94533431634100;4,47165135656223;6,41314331900925;18,12456262889810;15,21277201424050;38,44513838767200;2315,16241194033000;40,03705949238440;19,61424854477400;10,09397373343190;9,94497379101922;141,16937343922800;2,06038121774467;393,17648429791600;139,31570751504300;33,41333648652470;156,09206883208600;169,65797399734100;26,10154751121800;262,04569915982100;0,00000000000000
262,77669903519300;389,14512575281600;24,86175230055920;113,51698057973400;3616,28155796906000;64,49476578541190;85,48371055459690;355,10070069626200;4,72800853824254;200,57607755071800;156,43386368056800;1,24098076820091;30,13682341329640;8,06227404389775;13,43198320114220;33,80622613368960;236,38108173833800;6,97428089219179;69,45017028471050;7,43353774508650;143,93053796028000;90,57759589514110;67,68527122780690;24,28421520085560;1085,07725244546000;918,01597071476300;14070,07900843080000;865,59085776387300;19426,16301091880000;103,61818237772800;3103,43160215182000;8993,67167454408000;6495,55090515958000;8849,48747581842000;896,68622098972400;1379,48452147526000;1483,47494061580000;419,42767581113700;146,56740891793800;14400,86008577060000;81,85524417869290;1901,41747643555000;60,41060083111650;1,49012836514895;1,67127516489815;42,73666890092140;20,59488908871850;158,90886552970700;2,30189293546217;6,16602650772958;27,88121361759700;50,21172186052560;63,32579641229370;69,94536164121810;63,39479748391810;38,64284017703540;13,40470482788430;268,22238235044700;60,12734308674470;6,53599513477424;225,94673845618700;45,68999693335920;57,42510993821680;23,13831090298220;36,67506206678190;44,72498637074910;49,11322926435710;0,00000000000000
327,99913936951700;72,25079333915480;4,88152668865206;10,37502265425770;180,42286532040100;29,02105138762620;102,39930347839700;354,40531758813800;7,21093334116433;602,09009562997500;32,25018263878020;1,24923811021515;17,70603582113290;11,29235321387840;15,89532362039810;6,22092168691104;418,18347196838300;226,12039413862600;12,68181086139980;4,81198729761280;1343,68941814581000;360,21696983089200;79,74550609735180;29,64466227076670;126,34320164253100;182,45188893480700;2111,10867618132000;11749,07594164950000;2337,27061670822000;167,97259126191300;6409,10566198330000;1968,98824100551000;757,11977571901800;4903,93118096978000;964,62693919226500;2079,04991016565000;1657,28372895988000;94,05869170937250;151,00308742832100;2671,70489557123000;671,10615408290900;636,63495355839800;91,16380006411260;1,81811766558356;1,85912407077999;42,48535077337670;18,82265164579340;102,32219762267600;3,09648011870702;7,36690217979477;35,69686699403300;27,29207331498450;75,75746982354220;78,54677946166090;77,79410853949000;15,78252729723260;17,58206220225730;18,87031444085820;61,92418936041330;4,38732173026606;65,87999159580620;18,17208575508660;68,05244797283240;29,02801423521700;117,57291313518600;53,27097737082140;82,36375168357160;0,00000000000000
499,03628505816000;637,12694209636500;57,08875063036250;52,95204082951870;1814,65362150078000;970,82498575714600;218,88176946240000;2499,72252352423000;62,75998562976400;2501,07285291158000;3555,61461472965000;16,30833877180180;79,14571961354410;77,70365672006970;60,61006453545570;496,23164713676200;162,77405936276300;29,80483980317470;338,88669481556000;64,50584200400350;525,29841647559900;703,88339606480900;951,83371164546500;152,41254261641500;348,73827152673300;220,63956139275400;2342,14737510967000;326,66536443219600;7361,80543619507000;902,08353170757200;2162,81455107736000;4771,14273262441000;3775,92486490965000;2345,50367768447000;1733,90239510471000;1303,94812979968000;3247,39701614864000;2735,99849661317000;490,86422926244200;19392,36814548180000;394,15467546532100;1607,23396175568000;165,62452290183400;11,29125840880730;4,97216845733572;39,90617876552280;145,16607066670900;2131,81810593619000;3,66400660101822;14,89672198627410;37,31867214102980;19,60803253683890;30,89087848261590;417,59228118856700;42,95142005657000;29,15929836261740;9,56125875782170;20,30337052744510;345,61408488446900;82,70126220818290;962,37641768415900;83,65704549549120;24,91150940810790;117,28027098754700;70,17217394821600;22,59515904108690;109,12298613180200;0,00000000000000
12,41913385111480;8,68980443815550;1,19348576676994;5,35962473291796;366,70280766654300;98,36822707231180;16,22148221032410;38,20105486822010;1,88046114350257;35,31387737444820;13,80193188760070;1,56917393015039;9,11876691544131;13,36250462839360;9,61025713193977;7,01668505515898;14,73442788431900;217,35962171619600;10,37747655165160;2,28804499479060;13,94067038968770;9,38981047481330;8,67184979320951;10,05482304113190;30,20600748281760;13,46823725681010;21,05012713718590;13,07306505228920;21,16240363658190;17405,68505828800000;547,87496786339700;756,88150604123500;323,88078119473500;225,81662299206000;97,63318371897370;79,03459373061980;854,92363846396900;342,64583318536300;20,91407038124470;562,15288096798600;43,24568794131050;351,46919372308300;65,04406206119190;7,10380374793066;7,07413237379053;219,06182080894100;4,29949570264782;20,58015445294310;3,36402912465678;288,68259850852400;289,90217680204200;2116,46292097837000;378,52008471971000;18,64070468551120;386,96176542381400;723,15010419461700;136,46086497738000;50,40747197455830;1365,29778523268000;145,45213225507400;318,43830111749700;583,98243536788700;135,66739203596900;234,52423390825400;296,78207143786700;68,81651503776280;876,65294613585100;0,00000000000000
61,47144324350110;100,95107799094700;8,53438751549580;33,53628458547500;351,44181560183300;105,93191251045700;28,62382760859510;106,00237764691200;20,20318658593420;138,23009502934800;54,23711379039590;3,12975435238793;41,05779976640800;12,68651278023330;14,12203476554290;37,24508463607760;94,04631332401540;25,08996876735320;25,35563852155630;17,64435747942500;128,51748435214400;37,10625730210860;27,52178947715570;24,02943632486430;122,22623729906000;144,97496097086200;174,91861915204700;232,20438960710000;169,67039921743000;1981,34953406232000;7205,73181520880000;2445,06318803488000;1174,94331623087000;1006,41463572371000;328,24985372250400;282,22592215391300;2468,85566139264000;6191,40103604343000;198,71648585830300;7560,75861659686000;469,43587383663600;1152,16721579790000;1150,87598772273000;34,98769777773310;8,99502110609142;126,21429420559300;36,28396403095530;80,77434815231110;10,32133434256140;54,16770365180200;627,47281614183100;55,84739892118930;84,70304057669490;433,53832974957100;614,46180476274500;70,26274758218390;48,60559881774680;45,07333813058820;663,14429293077500;6,27177197307151;131,14882308754000;61,56951147185870;29,23581757838360;32,20174080352900;36,54580614246460;79,16310242827900;789,54653894027000;0,00000000000000
59,52230570360420;52,21778610528380;7,73794266506695;121,83013377809000;2981,31872329786000;3358,53047341808000;647,24610176656800;116,75762496974000;9,54977424935904;134,22487336696400;105,79099949405500;2,98286107617281;20,95403870402970;16,01176655917830;17,83064456340550;83,83535679175620;66,49936052318350;27,97148430550140;128,27445910018000;14,66486699378440;55,36517531211270;42,92880536161800;38,42224625678550;23,58168466672810;146,51909149650000;63,81001909794420;227,46372146206900;109,64969949824900;293,62667313960200;187,07604213722900;561,55299132407600;13998,18388465860000;1347,78575062037000;250,30729762903600;400,60780466107800;86,46851716544560;8156,52910728163000;263,15282824668700;87,63247865215420;3082,22120277660000;347,09497939874700;492,90872146430800;188,18252456483400;114,13172871254500;16,75632751366660;183,72105416808800;10,69578874696150;78,82000048704500;9,41374109611323;7,84338746077247;56,01575252412670;39,26632003060850;17,49968441816890;30,90560857682260;36,41359765323310;40,17668265703750;12,24251873260270;21,56995773227850;1179,00294297265000;5,72460726728592;111,69726973584400;25,46022327138450;5,00737193461096;117,48267827290400;49,93172366439480;13,37087426710560;42,23202604482600;0,00000000000000
6,07933264311504;4,23414027930067;0,45060294483392;1,75320645961043;22,73249364634530;35,92344526888740;4,62303404246364;6,03106561494485;39,38432121351270;6,36337475166373;7,41566796273964;0,48536738914043;0,89219765449278;0,72350440713944;0,89559605557200;1,53908565504576;2,23917943418573;0,13638293945064;0,51832210225121;0,39143869470055;5,15546509028806;24,65590341228040;3,01297729374742;7,06944480602902;6,00702074717684;9,10466869023102;3,67557437739753;5,35853308252863;7,67343661810108;42,13587846435970;130,55867196324600;139,03215919772800;6401,02919950617000;198,18236285520100;27,30634915982870;6,95502808717690;89,22255793833790;126,45430738090200;13,52657093462110;188,27528297890100;532,17208085661000;94,65643877972660;864,60320895687500;0,83914315631469;0,08185890675530;9,10365618393320;1,64012648753685;8,10536167020539;0,29355293854621;1,86694318204509;15,04658440025530;4,20625860987833;5,77822156030487;10,63269193637310;14,29546490609900;34,02249009721570;1,66509149080817;14,79782308856930;21,05696834227220;2,19600825655425;54,14399728554970;8,01729209456488;3,32980852327528;14,69365589480230;10,72309535919010;4,06665213455412;10,75781092608710;0,00000000000000
23,03076962920710;21,33476342800510;1,75399114118206;4,31146203730806;133,67925358854700;118,35306042132700;20,49140659491270;58,82225085341350;3,65806559887252;77,50867605138450;78,14352911262290;0,70233329743864;8,10676021824293;3,97689910093588;6,66848366280506;12,73087056709770;9,21061793364746;7,27017640403072;6,96331158884931;2,34843112836286;19,63702426799590;17,09776631676400;24,77385290055040;9,82039017130030;63,16321689354940;25,63233374829960;59,72224948662190;25,27492111584150;160,67153291873400;149,98137675037300;285,45643584844600;590,95514679962500;41768,11969819420000;11118,72493870400000;88,06770692670840;48,30587845343680;391,55897054730200;257,13368085222900;22,00256953587840;786,42206006389600;16757,38061038350000;271,92690385920000;11241,32685118260000;4,29811685192752;3,39998731344942;22,83121672541710;9,77924399566197;66,44022069805870;0,96923525877923;4,74945702570725;32,28395655359490;11,67592057366010;25,11753565795070;33,10738566916260;42,75306701336900;61,70526995562010;6,10945528435556;178,64411219368700;86,12254739918090;3,42884507412781;944,29532162241400;245,02647863339600;20,88037462484810;122,23661869926500;19,06369890037990;18,25306432895120;36,18062033673550;0,00000000000000
4,98682114953423;4,60691954104318;0,78082668028621;4,09350827523731;36,55540857788850;28,32399755963670;6,16439232284930;23,87237515963180;2,61652508846174;22,28729382171080;22,01979496932410;0,95199103873192;1,51628234881533;2,85054472225993;2,55954466864987;5,80274368431084;16,31004690874530;5,29510239017766;6,33711802142396;3,91229425932647;12,46499161360400;7,19658912401604;8,31938138143044;12,61180061396710;13,78068441033310;14,68361244028930;64,43229902389650;14,51497254994440;65,74930462682980;9,17076042768831;29,36373583006000;80,37869041154440;266,06433068087200;94,11543559364640;480,05988990728800;14,79007992514810;151,11749226844100;30,52264592896990;8,55921975672440;134,34873154654500;104,32871859560900;47,18500759567640;114,28495397221000;8,17531877372450;3,50936060226261;15,74198810373070;0,98892850525137;13,77288396092650;2,02756658063307;0,96708398221224;5,65392110262004;9,74496299735523;2,88352225264181;3,41219529821296;5,82036097234028;29,50740973407510;1,24954672553827;7,03186239763068;10,74079579414040;1,42586532388612;27,06581674951640;3,25302160820599;1,03480889760836;6,87967076523691;6,98043313277261;3,12049375699651;9,39143334346837;0,00000000000000
45,77885237522860;29,23713909541890;8,43187503121660;11,02869843283730;80,66231833554970;51,78315930671400;8,15428170212285;70,00313123494250;6,04342700104721;135,21972091151100;76,09837648556910;1,00502087964738;56,97098428002630;747,44728718586600;163,12997718289300;36,44729408470490;22,14490865187430;12,18755966849190;30,75974398836380;3,19705063952483;86,05454703629350;59,95670069637790;36,08969418090650;51,91196193201300;169,57314731373300;102,00341529896400;36,22116202686700;7,20922479555245;89,48813805811900;61,48061785984900;56,14953756313430;375,53216890995000;252,10228144458600;398,46745339681400;38,40400903514210;1960,12150306066000;165,59696521756300;85,10733683173260;33,80029388380540;874,03340606930500;39,29242978110610;438,44072032975700;72,53946238125520;53,47486271930370;1,88637026973193;118,97131694393300;11,60652706705260;53,66055653848430;4,24638087345763;30,04266963792320;8,16066363680909;52,21617227491520;124,57994644542700;104,80804026691900;167,06610060246500;205,39368264921500;186,64124393647400;301,35787936528700;143,94754295288500;11,16101404692230;469,83975224444200;551,23700705447800;25,47978684325950;1456,97503356010000;8046,09108146894000;96,15891414557460;86,08716234733030;0,00000000000000
95,99929668113260;40,23259457955870;86,09328184228750;716,65195262567700;3124,63006253700000;1811,82954056890000;682,14345655019300;1147,17546104645000;428,95832119905200;665,69625867036000;393,03264327304700;12,30510363709820;145,60212215246000;260,75603821784200;168,16769926545400;627,01736232719800;2982,10120322572000;1057,83422090068000;649,82938706699400;778,15252442762400;1193,25441759329000;534,26246660551400;157,71895599651600;621,45429989604000;554,34084389847900;2308,82317233138000;8729,37088845338000;1976,96362699640000;777,57051779516600;82,55031800195990;458,15064711375400;1494,29850412743000;217,14626183966100;688,96154088669200;423,04824263359900;717,61152138013500;1073,44253563915000;1807,43058902119000;1187,09091174560000;1957,58388915907000;735,16436650403300;4433,11983765526000;1319,05973948377000;1781,77653643283000;768,33770381816200;3303,09944703950000;6,96715886985960;292,83002362651100;404,22868151253800;154,53953860291100;393,52931220103000;1214,74493096941000;293,29376236327900;155,80858758440100;871,89488192011500;175,41422656769400;151,98634605648300;956,83750310887400;919,48580131636700;224,93923811412400;1063,56608384657000;152,45371925647900;1,59827079735101;991,79393921622500;574,06167577905200;526,48429562590500;569,91556142446400;0,00000000000000
8322,32171817454000;4774,78799511105000;420,71836004643000;672,40349427007900;386,00027970883100;1271,26001476408000;427,59240511655400;1591,29202749320000;99,01336774021790;3167,75606114211000;623,76545719407100;49,00633505024000;1306,94677047168000;207,03510813470400;265,89428589132800;932,42506372542500;2076,31292437730000;135,01203978965900;42,82076243389010;139,34705501248100;4355,45292289443000;664,52485863211700;208,77312113510300;297,30154709280800;2235,89961955108000;3407,14658327847000;3960,61928428089000;2596,50600292840000;1219,05822283137000;164,73037544035900;563,50623939366800;609,00837603951600;586,68715490250800;1272,45546585944000;247,99245682557800;377,62967299072600;293,80219445526900;99492,55187183990000;4197,90432255496000;620,36911356499300;1742,97723723140000;22844,80569602130000;1578,75292018278000;69,85065812178210;50,03790204073680;1413,28443368403000;1560,49643262292000;2218,15021662261000;129,72494238973500;440,90193076940900;2010,92461999549000;778,05129070448600;2617,90665160070000;806,52804009711400;1433,27554813019000;349,86787051084400;261,92008884154700;211,52484641386100;8284,16066715438000;116,76496959974600;5657,74646547537000;1832,21665390951000;2575,79755764284000;1212,31021701229000;2019,40267731912000;1192,20288310241000;3280,11595625064000;0,00000000000000
11,38496286581950;2,67891921672500;1,47708240169871;27,46665829105380;76,39267308172980;276,98781069655200;58,20589684920260;185,26640362082500;57,97634634353580;355,73336413073200;498,03024066931900;1,15283263328813;68,90467664919980;30,05158581422710;25,25742156411840;261,20938457396600;342,45141487286100;6,44450462468755;425,19933940072400;33,48226673840930;701,73652573000900;472,51131696210700;142,96355879339100;84,15824387939200;535,38364761419800;692,40886610368600;4649,64078791775000;2358,93581412265000;175,02454939714200;19,43416221183240;59,44453864433780;86,92044535974620;126,88538141989900;311,10101589099300;92,75779151941600;79,47276236611750;29,88190748264550;87,03704727957950;1062,67808242117000;277,72792479889500;429,16413536144100;4258,87288370886000;343,79174793183400;9,79453512640177;8,21094298193028;809,59494076667300;445,84401282409000;1269,92987061319000;25,67864917401980;57,18634638142950;49,70042277956060;122,75774557565700;472,76877511828500;432,01439648384900;606,85126596536300;73,33118824764770;39,84002572919390;52,18596870062710;5777,29280639666000;31,68226038723010;10413,96331836050000;1380,39322425970000;276,10958046179700;1532,34164025358000;2210,74713619408000;124,74038418286600;2031,10363957770000;0,00000000000000
104,44437799575000;188,15897807636300;12,14341489004140;6,70176273721401;2129,10120853599000;1976,31948348015000;297,80285436929000;11,04539585265090;8,57886057897601;26,16689795253570;5,56061975680898;0,75902274957989;25,31031176737200;4,49158321437445;1,74729714783882;2,19342957998715;36,09191131271840;20,36700067357560;34,87429229652650;30,07917462245270;75,62841898432390;8,45485617443384;2,77373666005149;5,12633005374319;13,09130911439750;29,82842117526000;140,43834827194700;1994,89010513563000;68,82000974327820;84,54196743492810;13,95006035233210;78,40754409459790;276,34445370644000;40,15753210105070;200,37671608506600;21,95966845632270;7,89195683441325;22,62478870938500;4766,03069065551000;57477,26345709290000;536,31096736576400;1171,20098353951000;314,30678974258100;18,55286336223040;33,16381907528840;1570,88693255754000;302,02418424266500;546,24782075082200;15,62607230724130;234,13783300165400;4200,09604743487000;902,15740920325500;1220,15161359914000;1941,84761145344000;323,17734658477400;688,46328545992100;17,05903415888080;213,38180308174900;3273,41011621976000;14,27060069822560;15438,55786904940000;1371,61600863985000;457,95439778990600;3510,43277973081000;33,63458310203720;149,18486688792300;352,21458555206600;0,00000000000000
213,37480103832800;44,76536309367530;20,01780771449290;61,76228131534390;200,03361236079000;1188,75454722646000;87,96217052510310;26,83165522550690;21,10461755521330;45,30260021163740;41,95365293580680;0,55653701350816;5,07870639105743;1,72045573943159;5,18339372447354;2,12497558017193;11,23713388240390;1,36274977412612;8,29231615199033;9,59775199627020;8,27856122850653;18,52958757181930;2,86510663384603;53,26247082751550;242,92391132263100;322,63818096142700;22,29960034908360;59,93541482462430;8,97300468443774;564,68150779014100;34,45313946101740;2581,17663510624000;14341,55838378250000;3300,33731343905000;983,16666526052200;52,33069435524370;301,31336943600400;414,76134281726300;785,35759982255800;473,88532155061300;6440,17005907040000;3989,53703780220000;10881,12553308570000;16,99884130662610;37,88138884395170;468,52787033163700;0,85423412175650;127,65474750973300;7,93182257068383;63,95724892588070;42,99133241976860;17,65968776472500;105,19948954503000;25,89449903094960;4,51071293662219;104,63291894372100;24,99755124920890;985,30411581027500;69,08566996401130;169,90306121994500;2105,99065830470000;386,81705052489600;10,29089630741420;1115,03960355658000;756,98635480199900;48,77569019832380;56,26608212854210;0,00000000000000
20065,88198466970000;10578,54585587230000;921,84289031105400;706,50062840023400;5516,79532734589000;2969,83961563994000;754,42605156810500;33868,10610122890000;822,09858693691100;33523,65132694170000;6301,93470672679000;2229,36742655779000;5179,46687134733000;6931,90018736125000;5598,37452288313000;2431,97225962621000;7898,09755679257000;1623,31628917537000;22908,86537516860000;2076,06761047136000;10203,94206112380000;6324,94028202902000;4149,36002536413000;4998,26507459645000;9399,48123500557000;6500,95736770794000;7629,12186111646000;4694,87500971163000;7184,85339638045000;11261,64648840130000;7019,82186600130000;12401,30067448200000;5612,84448313882000;5033,25233466623000;1691,98920676987000;6770,94217207363000;6342,77955717038000;4683,53447501049000;1369,61670952624000;32538,43850561280000;1957,51072137511000;23304,68402559050000;11822,51242574180000;459,21993829009200;1240,73742472422000;1360,37788406124000;1200,16781910871000;24861,21296752970000;1464,66554222468000;1272,16510556839000;4607,38524538540000;3117,93933559085000;3851,81545476464000;2039,08580575195000;2754,82146224824000;1662,63183036945000;3375,46622485772000;1110,84738663241000;6017,62103436911000;460,41955084243400;7320,50262764482000;5232,99819661733000;1673,34867901768000;7300,74531727010000;19050,65814156990000;758,17435038038100;4810,13082537981000;0,00000000000000
7307,37327889155000;2201,76861982236000;759,10410612793900;912,95525538088200;6475,70620793797000;3553,00108479889000;781,79674268571200;13074,06649914140000;3165,55922744396000;19108,97798184300000;3878,95834168307000;300,63642153429700;1315,01040562386000;1051,83455082599000;1211,30616980601000;1569,23585836786000;4157,83878783910000;362,96334601021200;5312,53337314803000;2459,07391800559000;7156,48356284749000;2644,53754704642000;1989,30559241104000;3369,96899841666000;3931,06952302728000;3424,33724466867000;7094,82903110109000;1499,33219212541000;3232,61148740866000;2218,78818411627000;1900,30635646012000;2935,65757528718000;5758,21074296395000;2546,44396119556000;772,23919783665800;1818,45158123600000;694,19500477041400;4851,28234232623000;502,70054297313900;5229,33931226162000;1827,77160047762000;45681,25587073470000;42845,14830042270000;286,10243324249300;351,73609597712100;5689,89581729745000;159,70366224181300;2928,65330852603000;432,91435557126900;501,40485451327700;642,82382921341700;779,76843050115300;2072,09364281865000;359,99109169940600;1279,90015851879000;1038,52471135903000;445,46086126094100;596,29364357038200;897,37630914645300;146,71547199853200;4091,65134091378000;2338,85537786402000;1558,61250734532000;1497,21296512637000;615,05010128878700;325,60889245066100;2457,61068743970000;0,00000000000000
39,73855874014550;30,18891824621610;2,60288338233382;2,58553713491315;6014,87555874313000;6,53716749120832;12,37963917587730;1215,67840636325000;99,63825404081080;529,87292202413400;15,88119763355970;4,11227287872857;17,86245613612180;18,67124235848520;10,95689218826970;168,82464640215300;1369,30820614698000;15,16571271983970;103,83200048794300;38,12868923001600;681,41859492516700;22,96749292338250;44,62548846230820;7,34398624807724;61,01807229783230;117,53425250060200;364,35022320818300;29,90118259795460;46,35912572451380;47,51314287308630;46,65680286580070;252,53357961629800;200,58448276320000;87,17513606300430;92,29100414776660;11,27170971254430;19,77222952750320;15,28549677618740;3,99002220234044;85,46836487555850;17,57005511181100;974,42611411667300;662,32474817496800;942,87093059619700;4,06954811465360;56,84363309509320;4,33628998415375;66,85818459286770;1,41286132800880;3,48557595261355;6,14420294719118;19,80137265985850;14,74673268579950;9,22200128533298;15,01851715933420;5,19197105830197;4,40036479189945;3,72546544944030;239,95377005737700;1,68462091349973;14,07295316393840;5,51296450513017;12,05100674797120;7,20667243440505;19,46672531439470;9,82334584390619;13,56334493613350;0,00000000000000
0,79905326692026;0,01443955478444;1,58366697905609;3,18383630643725;2233,72136529632000;14,19318179882640;26,65211269013050;281,00853600974700;6,56570079277537;241,49937327497000;40,85148286957880;19,61121721631440;27,32252059083650;31,39204749290070;44,04563314371920;47,83255733071650;96,65807052117280;14,98810947866540;40,35978584021300;5,97292687991851;264,93539712870800;280,40282687549500;11,36827156845950;127,40858922293600;43,29739754861990;102,16068047382700;93,10424200426720;12,54969380709190;48,35650689003750;234,43860203244200;144,25546938825700;177,37014319413100;220,18353642739700;91,31017008406640;47,09951345709650;33,44472077237560;72,91750539011590;528,98697274878500;44,58814784490590;926,79588030920100;195,09444012143500;3175,75696034839000;202,62404661731900;85,47545037137040;12,77660109656170;716,74798812672200;67,13547243623740;64,57926116682240;12,95193854751560;142,76181315829400;154,00668186792200;661,76746376462100;1955,70441572116000;61,59347569976740;848,28966343839400;251,59133410192800;548,83822618250800;84,82266173929110;305,04012607709600;22,53851495701810;1037,98448489663000;307,43786699748900;1902,20291432770000;343,80313866979500;6,17394106711764;90,36257302273920;6697,26257847745000;0,00000000000000
1107,55308931040000;52,73432030083250;257,12418087482000;27,33260339264430;4686,52446517525000;2866,93747200186000;452,77896691469600;3106,45432214238000;1445,76614067310000;3759,96437146564000;1966,43433846508000;30,59763157918120;174,62685915760200;117,35982557931700;178,81607674237900;283,69214735233300;1642,02424848332000;168,03245963065900;806,28567225554300;888,97562803093300;1113,05021846192000;890,70270508440300;427,10706328198100;680,82964167727200;289,22322789918500;340,45633164397300;3106,14344715847000;156,05659709762800;882,07570623610200;721,49553988900500;872,11436804352900;355,37907464912600;3921,22346929788000;725,84496776087000;363,13483923988200;382,29547029920100;230,35013783317600;774,24964632391900;26,77582801379600;631,94792252914800;761,13506529460600;16732,04690559110000;8818,95888528847000;2554,27171589531000;5204,66724262413000;5321,28131131975000;72,46783947177170;328,64455285189800;57,14572705023660;87,25276186959440;571,79887165762100;184,26587549670300;4048,79757841646000;236,48941730931400;685,69265924967400;220,72559103164500;295,91744032311200;239,99222233574100;830,20474620158200;78,82192289525910;3809,81807467011000;316,69512482126200;504,49716694451800;409,62304004179800;347,65630013263300;80,77273222468320;1440,90692364268000;0,00000000000000
4,12994038912980;1,65391411688020;1,88554797418590;7,18014271902450;210,79458798823300;67,18930829412130;10,72219735690960;227,90752147708800;17,92375899699790;219,73660869355100;37,95443470336160;18,43123021057760;19,07793853587950;16,25863062842650;20,68021700694060;6,52170893298410;63,92205231156620;6,42894909041900;24,79276165203810;11,93185911827470;99,18521847227520;109,70875104984600;28,09757113994050;149,94686271689200;79,00346536496110;57,57812873619950;146,30126218224700;33,30314025012500;115,72904745644500;112,15544866815500;84,57951569706290;210,10910413449500;92,81491084603700;69,41307991813200;44,51051419252610;82,03039063119430;53,46275813757330;175,78469950294300;9,77356359466065;701,01052645085900;259,87589815135300;2207,89441528650000;143,84622313262700;3,20711025508098;48,46961589671290;154,51379073066200;1,43764901910781;31,32682141819480;41,95163802870180;100,19453951035600;64,72715032923300;375,71861868471100;679,87963362699000;43,25299266932390;239,44119742931500;184,68858197641800;108,18451771764000;103,50029001704200;118,54613348865000;29,53169934420870;1383,40494614240000;155,66127396496900;255,27052038749000;224,24028635000400;4,83127184185603;96,51391718407810;4241,44545101741000;0,00000000000000
5,71199327358299;1,43315556060421;2,32332552117984;2,34789686460740;283,53170987065000;12,24852326618200;7,56120806598122;11,13271038003480;2,69906888800826;142,84797368941300;4,32159522226514;0,62829077831105;10,94005549085360;5,04517831173303;1,54439191000758;1,39411408770121;10,37654261128870;13,04117394341110;6,48073222169275;3,47755521188551;101,34716896146300;120,55989439737500;2,82139718367282;277,56402506407100;19,00114150210610;3,80445453817121;34,64297117661260;59,37071991650140;29,35132573889080;6,32996349592063;2,70234250815918;96,73735501395150;401,05110185127100;17,72746569073500;3,88915723646129;3,49577583930507;91,23042170833490;307,78420391230100;12,38141976156820;28,15534404478360;166,75301266233700;845,30466810322800;43,10867815241820;6,66047512365223;789,18576729281100;60,95671091902750;246,79012356892700;43,24619813195290;4,91601559593741;676,29798457542200;82,53673100810270;45,19817693798830;2652,61706220008000;76,06486397241970;1420,06863175421000;10,69921017045930;244,56918146203400;16,80166529025040;1589,09436102157000;6,74283454712248;10034,80357966960000;1761,01568241877000;264,58281386528900;4477,65202044758000;4109,69754606824000;62,94887800464320;8593,98510752215000;0,00000000000000
2,02581321498634;0,91149838588906;0,18224302097433;0,08683752839874;1,12330941236714;0,96245542281950;0,24641011305130;5,88418231622837;0,69258435348027;6,43487910066823;10,59653391425630;0,23323678471498;1,28345547850573;1,48418930258945;0,81508008564982;1,11914124468675;6,51227986591589;45,70034391259930;2,27581443963459;0,78824225213094;121,28068740322200;1,57307798795531;0,60857889988131;1,21478178806746;2,34244633378375;1,10092320193465;1,72647994362008;0,52027498404858;1,75086333225221;9,77639934324347;1,14222252323955;2,11069860455247;1,64386969627590;3,72613018837432;0,41958233630314;1,94871366358230;13,55599223842380;95,83898738804850;5,19708772600690;5,46284299943391;8,64837818723624;546,41530251958400;4,75303423963050;0,14129981456637;1,74428441139107;5,82437060016175;49,67850667819960;11,82315021631720;66,25500365225000;11,91211435795480;116,15928233568600;27,29328334872330;1117,07382571632000;50,80409460804350;261,00112658876500;105,79010663329300;1522,68395403808000;19,49610451354490;65,06090849332620;0,41834075068496;861,45928642027600;2152,48438658353000;1193,04303771890000;29,87738925689500;116,80605127787000;18,99466352916350;125,85249391910200;0,00000000000000
1,46239368408942;0,74959420751680;0,06832007644890;0,05224262259449;0,44620480116029;0,21020320123082;0,05497849985417;2,45646880664508;0,08268980992934;2,39871221708064;0,45741897910016;0,17031789499413;0,44932796357068;0,59337073298257;0,43556960979110;0,18500157520954;0,59992882725235;0,12323921035723;1,57378780800336;0,17409640432303;0,78391528750584;0,48273775138344;0,33535901626120;0,39313732829413;0,78057684119068;0,50300547888716;0,57894524481600;0,34079801136226;0,58084694910938;0,86508674310523;0,53800500638113;0,95309495601648;0,42722378206061;0,41364234607796;0,13424463392492;0,54666389317840;0,47352151811475;0,59528746998823;0,15822930078136;2,59086578616642;0,92628260902916;10,19937478208170;2,05041214537860;0,03548250877337;0,09960429344578;0,69255754939406;4,13518819087142;2,92386035191984;9,60795503603094;5381,71371531061000;4752,77415720372000;1,52582835615381;3,26274241822473;0,61568536856206;1,30169630688944;0,29090175904349;30979,52434627300000;0,30813851129476;33,35351992572050;2,92727834521582;1,06336860167425;0,49285669538156;1,14120726097913;0,56259615801853;1,86775904331379;122,96938165555800;1,12164627731361;0,00000000000000
16,09539415316210;8,18820349101792;6,77646948783046;23,84440769086390;652,40866885197600;96,56941887143150;21,50860095198650;649,00720235091900;121,70130252143100;1204,84447949551000;308,95515704814300;13,94343271801740;168,84066419224000;424,00173967068400;140,25247036372300;89,02164470641920;337,68279629566700;241,63111814568800;198,07067478823100;122,25364147508600;248,15978265306400;227,37705321042500;27,92779459817380;214,84180673113200;300,51242398041800;332,19137837963300;174,76699851016300;62,17548009203860;298,17345964791900;718,89968021903900;350,56179704847000;359,04944895340000;1101,72080633313000;1104,56918315873000;123,10561152510500;380,86497118252800;108,36332172344200;413,51842125911500;153,34863179158600;897,56288759477900;933,65266393591300;5911,74444291043000;828,50137317703200;29,10614541525120;53,79588081735240;707,67379578563500;209,13638542854500;680,30335063808700;85,31647131056850;268,18291236426900;17663,06846925040000;1509,97436356274000;7005,66223393053000;516,45216878371100;2346,24539742102000;307,50402440813700;2111,83937308895000;107,61295726612700;1663,40569299043000;236,40062885836500;4486,48231657612000;834,69827706690200;1159,85562945938000;376,67354478306100;1044,03779598374000;214,00008386913700;1459,62827371869000;0,00000000000000
38,72825635302620;19,62389008884990;1,78451645449649;1,62467116090567;62,83360492555530;325,52937927091400;32,15703618980920;572,69611490067200;13,93616351499510;988,09711363422400;80,71104088871810;34,10202377697160;43,84524496180380;54,64188706201630;18,52219125743550;16,42359218077150;231,89467735715900;4,34499134335653;68,74487217272060;3,86324306373522;398,49709219218300;256,29127837605600;28,50767484261660;445,72369258516400;165,08976778253900;90,36538328046250;212,02172640765600;37,23024731562480;117,79315570047600;216,72525779510000;353,89937825476900;201,36635389017000;898,86047047144200;148,09881454269800;56,92588101553740;139,64198790946400;104,28166841143900;1588,96470124956000;386,97546061083800;450,07065072920400;448,45671081373000;9249,13206227489000;950,63156098148800;1,30631076847142;728,46924818058300;1386,17411891281000;77,74174806590860;144,72223065271900;432,95244089645700;1134,16646209075000;3003,66953693590000;10878,65602588810000;15800,57976255450000;374,86157953529500;2785,73331578527000;60,91959541594190;8243,94335944450000;406,71786948476800;1063,18630238724000;189,14503965927800;11300,84440005520000;1406,70205133700000;442,48724077356400;2218,14582663417000;24,34756576991260;173,94851766490000;1533,28247375610000;0,00000000000000
6602,33528205436000;2359,41617298991000;582,05123161846200;641,68060783191700;4232,48633643979000;1860,58176478217000;575,34196988326700;5796,42000301069000;1719,63278035209000;5838,51021035041000;1514,68297258982000;313,08935110488300;884,74338212451100;1115,54408135542000;819,53139603726800;581,75563660082000;2603,35349221716000;408,75910421447300;3284,37681368300000;1273,25159146814000;4101,65456440245000;1476,42533393771000;895,66042481190300;1229,21778167743000;1995,49771872910000;1991,97909803773000;3017,80946863610000;1251,99925176172000;1622,24800534087000;1922,94330900745000;1439,58819671122000;2268,08714226899000;3572,37194766468000;1433,90137547816000;812,70921780369800;1041,63877534302000;758,13782670686800;7813,36211073812000;1504,05765253413000;8139,57137787571000;2995,68629724137000;30959,87691133280000;9636,03366231783000;656,23570569557000;1554,59540090004000;3712,85987923196000;692,29050556962700;3512,54492562135000;442,37578934678300;1055,79124795131000;7280,49455325577000;3145,41316267540000;83013,59811272720000;22883,60236599670000;4905,49155266319000;1337,82008105588000;1032,89424214037000;1398,26462661931000;5741,18789092442000;1069,07979605714000;55942,12998763810000;788,84308051680200;2530,70833701213000;426,36690677735500;5587,23100289739000;1035,14116481818000;2639,51848219921000;0,00000000000000
5,79833098771377;5,07353961424955;6,52312236117800;18,84457571006980;387,76338480335900;37,68915142013950;15,94541021621290;575,48435053059200;107,26912327270500;441,39794643971100;55,80893575674510;16,67020158967710;251,50260659208500;306,58675097536600;78,27746833413600;34,06519455281840;142,05910919898700;42,03789966092490;158,00451941520000;173,94992963141300;152,20618842748700;87,69975618917090;144,95827469284400;223,23574302698000;365,29485222596800;150,75660568055800;268,17280818176200;10,14707922849910;218,16220341273100;160,17889353559300;93,49808717688460;180,47305199259100;100,74600091152700;187,72096572723300;51,46018751595980;202,94158456998200;49,28581339556710;1093,71018255751000;268,89759955522600;914,68671331184800;3108,63020078805000;33878,19837846470000;1079,93914646169000;62,33205811792310;89,87413030956350;2450,51963368253000;1042,24999504155000;4818,41305079015000;151,48139705402200;393,56171579107300;1869,96174353769000;1554,67749608076000;4437,89757972143000;1844,59404546644000;4400,93321967476000;687,82701341754700;919,76025292609800;932,80649764845400;2970,19504845638000;220,33657753312300;2312,80927272433000;513,15229241266900;4061,73085689350000;367,46922634636100;2169,30058077842000;3154,29205731629000;3091,95999919837000;0,00000000000000
23,27291635546620;9,89250193981876;33,75296003180730;517,28380854943800;10436,07936168950000;2747,47921900509000;302,08222788788200;4121,97109548961000;536,00213099610400;7390,55184250567000;2064,14620209337000;742,38887776228200;371,02640888107400;373,04490533872900;253,95314627965300;305,81976744430400;2410,69185641297000;85,22541699402530;6376,91414401804000;660,17239843850500;3720,76854247097000;5223,17351542929000;1777,12042922480000;5256,82381255195000;1812,46799288971000;2141,34130152798000;1388,78337676066000;590,29317007141100;853,83422585464600;2979,63339443938000;1734,84444282296000;1710,69618737187000;2390,93398767137000;1188,33683831552000;242,00158072399200;466,76289230097400;738,40724027323100;1336,40355736126000;1440,45573191328000;3953,30662270060000;7186,32142176782000;27986,87618301760000;2468,89848504644000;129,40306220419100;501,47123014316200;2268,51821840602000;275,05984668016700;1285,35706355860000;404,16716929114800;2879,71737611721000;3346,74825732718000;3250,59048013057000;16159,32378721670000;2774,44136463857000;16667,53661750800000;4649,56908694745000;454,01877533062800;954,16807430041800;4426,97687745943000;1461,56966463163000;5306,54200432324000;236,70659129238900;2501,71244218017000;306,63607693677300;3383,98092516188000;1153,50227102523000;3450,19495897978000;0,00000000000000
718,39665435632700;23,73209714712980;0,33195957003049;36,08397420707320;1572,31505554700000;395,45980305960800;95,70776084720600;785,13914623736000;185,91799650689100;809,50784483478400;160,01503692442000;71,35650728932620;43,62695371106460;103,42656028357100;76,93097689979460;43,67495873971060;366,53851753601200;24,55457173465430;130,46026433793400;180,63405196623800;557,88364504584400;416,34629959768900;288,72097384240600;651,88767553750500;635,73941383439000;341,38675864863500;312,49243234562000;200,18865828059700;313,12335878148300;432,68668362961100;253,36048053812400;1193,24592820360000;1225,43923502008000;514,61505318367200;118,63723635369200;180,22440117626600;194,58671601243200;2233,50979127388000;347,12119381366400;1978,61828907504000;72,41773132245450;1216,33945888874000;230,32232767003200;9,97497930509306;0,42553047044649;3339,44366187364000;8,80815165200710;28,71001943352000;0,89709438326475;1,69239701224980;18,04369837148400;248,45837650728600;419,52983912441700;18,45392250497110;18,50795166102020;1722,79972357909000;3,90411874455188;55,63366092822530;32,96900200201330;1,20100572042408;4719,46297561552000;1341,37901374447000;88,10210427558440;1368,98865499601000;11,42463825251910;12,84555533643210;13,10932867037570;0,00000000000000
15,09302318431830;428,77741954459200;101,73546722970700;37,89892959910110;834,77219379225900;14,26389501482280;0,78761504891111;2443,90411782302000;155,23811105093900;3877,04807710933000;4985,17616923877000;222,05138442213500;90,98607627972860;365,73815920926400;824,21355379777400;42,44986270106950;554,92690090154700;56,51471117115930;237,91700274792300;111,54259413926800;125,30336328006900;534,77932478733500;1323,70335776354000;2089,76758780037000;566,29794415222500;266,87945465512300;255,85801582810500;20,27569874375830;531,94417590765000;1413,13696194589000;660,99929857140900;459,43719935995400;4549,48813121016000;171,09015186719100;259,89892560666800;434,68065973429800;147,30747115458500;3713,61874480816000;213,26697699211500;1442,89782558461000;2669,07859214092000;18997,38937197130000;763,57793227677000;45,33245287856500;193,83665800532200;1315,48892905650000;335,52215881042900;862,49022131071600;676,34861945086100;1996,19417529031000;3016,42411513758000;2121,01397503649000;9538,69226577297000;928,41987003524400;4481,05010769394000;407,29628857807400;2054,55678019597000;1044,27084419128000;1742,86342652451000;189,44255996050200;4030,75722385011000;654,50592633962100;2758,04282354825000;1108,72435335501000;45,43371969551230;1489,64585642444000;1673,12490213778000;0,00000000000000
205,60424964952900;28,02351829821930;38,50860685551370;116,86728051321900;6131,85417625382000;894,53871931064700;127,17831177848000;217,42906554076900;150,92641103537600;631,16842581083400;190,81122677133700;21,27099665918850;32,99846305738090;55,84100114919360;40,16906291693440;86,28496934502260;473,18735490780400;90,59347979806770;259,72650172445900;58,96602903201500;260,72578316495600;223,08808232744400;49,53579438246400;117,30860334839200;354,35758435672500;229,81965227717500;528,04641501033800;166,89182734223300;339,00118283358800;239,28106688750000;112,42012627040800;334,31928605862600;928,69795763409400;325,97179431005100;256,32141935166800;129,95185615145300;210,29341207672100;462,41546740802900;727,32046238742000;1408,92525590432000;417,98522368103900;4507,98934684829000;1890,69138399593000;500,28438451433400;1122,76586305574000;1079,68985076184000;75,05418378074160;688,59315334151400;282,64602669136400;555,51643129446600;1872,75306223679000;1377,18195178682000;695,51883977703600;164,20389522149800;409,66228818472400;378,28087832649800;142,84219031998000;789,20854804224900;528,48832551307100;141,97707264482600;1448,95706187420000;609,81669565964500;960,06159177072900;749,56684560141800;419,02907139795900;266,34843806952100;168,96916621129300;0,00000000000000
32,64942302808910;18,75526115794920;29,35477031948540;536,17133510111600;1105,05438231086000;840,96716723064600;200,98821522101200;934,50170802060400;431,23671092680200;1456,69482049664000;1105,51686475423000;150,87684554240500;213,69838746663000;201,22557205848100;286,27648391457400;57,53805818530000;725,10994721922800;36,00292423250790;301,01642881817200;530,39057472230100;607,80239758581100;985,40458337871700;413,05358781768600;1363,20852866445000;792,36284824128700;824,26885519051000;665,80550378289200;665,14748904479600;813,02392294236100;989,39069107939800;719,62156526718900;2151,69355864682000;1610,62312479836000;435,61036706767900;159,95456206516600;311,09128867226500;457,37414964006700;3683,62135231122000;442,03788754246800;1940,51773023058000;2052,87289613085000;34387,88826935310000;2256,38808959814000;101,70296743529000;993,32183300686800;3310,34721683352000;963,85409892281800;2351,79660155800000;227,39343922075700;1016,03644730252000;18009,30608658250000;6538,25207841360000;20801,03865986310000;1551,80245963667000;4590,96579806288000;548,73087473221700;764,43175477799500;694,41207160419700;7148,23950906354000;413,07854929828600;26280,89575320990000;11439,97433700180000;4317,89729912547000;10166,81841031390000;4405,31302861756000;1168,36989693357000;7014,54323799660000;0,00000000000000
1,90788237145070;0,48734656155968;1,96031877600852;7,69689117497480;127,69534052882900;93,02752090989090;17,27426363554950;379,91235068988300;99,65606445178160;346,34328667955800;122,87558807079100;118,85417793800200;31,92196176390290;31,06438486058370;45,29895382652340;65,24051213519740;508,88854248996500;16,36406573930210;137,97643536944500;2,04870821645163;278,22912418076400;178,43621708115900;38,53857332691280;250,21351372592500;227,49956690980100;414,98244519779000;87,54852585031460;71,08442612653800;186,17602742198000;146,13483915548900;96,11972819365720;252,48727749669400;647,62262244836200;312,46624031071900;89,14944295886580;57,83448222003560;210,98389794575000;381,63755957617700;548,83558735337300;578,26143829969400;734,48410141698900;5576,14454846633000;1584,70383770015000;24,92781256572900;192,55159066615600;3195,27071813224000;107,59958893569900;717,78816399087400;30,75288190940920;299,89363554041300;598,24394893604400;594,26717166639400;5066,12469374665000;207,45711695678800;882,34939176332000;11,76096823792620;215,87582210966600;131,50020497397400;860,06985621582900;47,96238308005320;7774,70842096363000;3379,72863055004000;1502,72598358338000;1455,95100725176000;1,46812325394230;165,63288088668600;3,96499814020623;0,00000000000000
283,96181143958900;116,19441696465500;22,06333298449210;29,78912418688440;618,34472728688100;271,78855596395100;41,11322395968830;507,33585218162300;93,46556320208580;1001,18564366861000;566,91957710726000;69,08738438545690;39,87146445383030;55,38665209138950;89,34988703517280;67,04931894038630;304,68369422144000;14,24465266857240;232,94950821498000;71,64792964714100;931,42758923743800;335,91986370178700;229,52676790719400;409,72839456874600;199,06506382280600;224,70635061235400;598,90060361720100;272,50985328075200;165,68952307869000;232,00743287750000;180,52055324619800;235,60006568869500;663,05427905316200;156,10360975723600;63,40852612409970;86,62788766961790;86,89550054951840;653,41436828338700;188,83129570551000;419,64982542769300;458,62275388865100;3646,82070280284000;541,37799308791600;102,48464702594800;230,13342952347100;546,93354871833000;89,84299280785300;285,19563887184400;70,36421912165270;290,46487352771100;484,82713266670000;438,45838646015500;1584,11694006626000;207,88645121253800;955,58025718423300;400,88822737524000;359,11317288005300;135,39210870844400;844,45021805935800;63,38308171972190;1923,31221348143000;410,72565139977300;422,89572478238200;415,80054343406400;461,18014020562900;207,65590355015800;710,73705151307400;0,00000000000000
2,06392675555626;0,27582278463764;0,08185093789820;1,88784627510281;10,07516926218460;45,75274659714610;0,86904905759991;30,18843371372800;3,30898130894274;20,07764032508300;26,18181346798520;5,34942839516901;0,82692949891075;4,73707771111059;7,46838050809422;3,44700095389296;11,82542050982320;0,44971819481982;3,95229579103910;0,93157600809444;31,67914093880410;11,89059526786790;19,67167756387640;69,64353062821310;12,86011105257990;10,96672855500210;12,99151586476990;33,76448742918360;5,90460132682182;17,13507458464390;38,43840930114490;39,31197049130930;74,66961546989940;42,38998894587100;7,68220370916293;7,16590210093401;1,92046258559373;42,76219318355440;5,05181709138379;14,88354192504610;9,19420174318605;146,24541251671400;14,20374620329850;0,96434272526373;1,53969791583656;14,69029867948090;2,30034775611238;6,46280350952062;1,30883055341512;2,73042670184591;52,38758810141280;40,55045598156570;61,74464494281150;4,00113540836719;40,43568550691820;217,34121964100500;7,58543606953869;11,24416756994990;26,24976874300650;2,76420989279809;52,52319547625550;16,28578539395010;9,47707163461305;20,38008889986440;24,76316690159850;4,38530232286803;22,11127758549570;0,00000000000000
7,69311965888896;3,43980618046937;0,23531890688674;1,16883493804359;32,09080323928470;239,18651354073300;32,20660135039780;13,01227571474080;0,53031690532585;39,26928846292280;2,78497620957513;0,82902132451453;2,75042104645836;2,55359828681035;1,89394236924777;0,82405929004221;55,35345838962540;0,47754259678492;16,72586325505450;0,79686294055777;20,17462475889980;45,39210279834000;2,21880910990891;4,95799207850223;5,46474317805836;2,26946677299595;300,16181748544500;102,58528080081800;88,95436106137450;4,69847688100477;3,81064523994528;31,47439760410090;125,67488215643900;6,56591295677381;0,88875294030136;2,38932902697083;13,88796062906570;180,04741185897500;1,97070526822546;11,94528115183580;38,03884367521020;1167,92709174828000;1448,96088512194000;99,03145279549670;14,56314637117670;361,18155596859500;3,40712231479476;15,76084147625550;0,69144612365242;1,11023504878126;69,80446611996070;5,35596954235400;2315,43884694488000;4,35918105228979;3599,92081115114000;207,77212617717000;822,59775964364000;83,58300187186840;2309,12020653263000;184,11821011255300;511,90672001046000;159,47710499952600;8,90070300521277;571,81095619892700;9,11034910598918;6,79837966183646;622,26668220192700;0,00000000000000
0,00003229422373;0,00002825744576;0,00003633100169;0,06103199807536;0,00215967621182;4,38695692552790;0,00008880911525;2,62306800117957;0,24430561053195;1,25146275567033;2,40692898490908;0,48750918067918;0,00140076195421;0,39773332909322;0,70109695327515;0,33528845872975;0,94516035712914;0,03069765404615;0,00088001759659;0,00096882671184;2,77302812746803;0,76207647323696;1,85908213196469;6,79460849369289;1,06825776843917;0,82335471476824;0,91539923557111;3,35104381654502;0,30585027940900;1,37175056951601;3,83892438079707;3,47384654306352;7,34226965485084;4,29640197579450;0,76187463433865;0,64086423723706;0,03073802182581;3,26568823683184;0,33659637479074;0,61436483227557;0,01731374069624;5,18470450724363;0,00601479916936;0,00034716290508;0,00050056046779;0,01364834630310;0,00580488671513;0,02683649991807;0,06177072844314;0,00219197043555;1,96008022629617;2,99408393930113;0,23796183795477;0,01027359992351;0,02451131580965;22,36405526059580;0,00512267123887;0,88863744004182;0,13839679980122;0,00122718050167;0,61901854751678;0,05481265500227;0,05308562464567;0,10595587883344;324,82556340841100;0,01756805770810;0,01722089480302;0,00000000000000
0,01175509743704;0,01028571025741;0,01322448461667;0,03916321927989;0,78612214110190;0,14546712122623;0,03232651795185;1,20793698283538;0,22130591302328;0,91451942088967;0,15102934090755;0,04146912600765;0,50987735133151;0,62778526894525;0,16972407040950;0,07433653679496;0,30286675265499;0,08570403272328;0,32032640515928;0,35265292311113;0,35221275145543;0,18978525635420;0,32313159051632;0,55951676728750;0,75735630919999;0,31858109359151;0,55806054560581;0,07332481403845;0,44708130411615;0,34631550041238;0,24997756057203;0,42054910647048;0,31982270741577;0,44819153849530;0,11631589737272;0,42149951269629;0,10039790451958;2,26861991867060;0,55041798299499;1,86395814678791;6,30220161343186;68,76074606423290;2,18938689764828;0,12636729744816;0,18220401027409;4,96799805432807;2,11297876430753;9,76848597017836;0,30806107315213;0,79787723853894;3,82171180694933;3,19883397817225;9,00041473500608;3,73959037215763;8,92211895471164;1,74645744116267;1,86465233095011;1,90500901302149;6,02346696734162;0,44669370260743;71,48226212593150;6,76547877766925;8,23492533094969;12,19528460905510;35757,02776593400000;6,39477300574853;6,26840570830037;0,00000000000000
1,49862807330214;12,40692313674310;2,86997150259319;1,10936481902694;23,88346172003790;0,59580127768417;0,08211595843221;70,06605138578260;4,48528424309284;109,46292259988900;138,17899326163600;6,28271877298162;3,15947714110998;10,92745256266850;23,19638672287620;1,35171474636453;15,95481681097410;1,70503051663549;7,92909736410383;3,42831671802547;4,22935778325629;15,24386586543620;37,01043320233490;58,32225364874090;16,68125225971300;7,93386728625681;7,83205487279890;0,82339853409841;15,40091274903010;39,89025456635100;18,78000908118630;13,62333197287360;126,17215309718400;5,26721319047579;7,34575074939964;12,66871830859210;4,48061534012484;104,43818940146900;6,34684171983244;42,92506977909910;78,33639898664530;575,57784742499400;23,26551395174530;1,35693388219670;5,54266282336589;39,93223337921080;23,82561270351830;32,01644831356960;18,98573307536580;1904,55016531468000;351,93897884090600;60,98936819696460;270,17862508780800;28,41992471903250;130,30671494211900;12,33107792868560;121,94242880668200;30,25422400772320;69,63312372296920;5,57560730075920;680,87192217183100;78,20610344143540;82,14616991955190;75,68724809207230;5,34349213222746;675,20568767905000;957,77179193361700;0,00000000000000
148,27950520159300;40,27191453799430;24,75847847786020;42,39430184632910;950,08717775758300;353,79076463942500;55,93996081256000;261,50324566588200;69,74536728452010;276,75602190458600;144,34792700588600;17,24438815254610;66,83715290214020;111,64269619017100;65,17752361589320;85,35781524068620;164,59709558959200;47,97105493283010;170,30438160787300;64,47365017725440;135,03627652299200;60,71837172805270;60,57947502380430;130,43822493110600;212,12917441863200;175,31938299817900;162,94022516937800;65,68668159089520;267,83666984170500;291,83526249016700;157,88351006523200;236,91165976656400;292,37981343583500;182,28603285303800;67,06054562904270;130,24699471923900;6,48059298864959;711,63315437353300;1,81694008489828;148,55346211817400;87,56021816731710;3369,35639221420000;480,05488665536000;5,59783266349531;9,18373661149042;1341,35890959663000;175,31864687979500;228,01581578472000;34,68016852411000;177,14241759210600;3219,39825328557000;1425,74761855438000;2146,94005803413000;125,60752076662900;517,06424042698500;69,44978678169370;576,89632965350800;155,80906917700700;1371,55647178676000;40,38950798362030;703,57077300316000;115,54973983379400;552,44266451509600;1472,13570566784000;2832,49911763703000;27,25531071260460;625,18009024367000;0,00000000000000
0,00000000000000;0,00000000000000;0,00000000000000;0,00000000000000;0,00000000000000;0,00000000000000;0,00000000000000;0,00000000000000;0,00000000000000;0,00000000000000;0,00000000000000;0,00000000000000;0,00000000000000;0,00000000000000;0,00000000000000;0,00000000000000;0,00000000000000;0,00000000000000;0,00000000000000;0,00000000000000;0,00000000000000;0,00000000000000;0,00000000000000;0,00000000000000;0,00000000000000;0,00000000000000;0,00000000000000;0,00000000000000;0,00000000000000;0,00000000000000;0,00000000000000;0,00000000000000;0,00000000000000;0,00000000000000;0,00000000000000;0,00000000000000;0,00000000000000;0,00000000000000;0,00000000000000;0,00000000000000;0,00000000000000;0,00000000000000;0,00000000000000;0,00000000000000;0,00000000000000;0,00000000000000;0,00000000000000;0,00000000000000;0,00000000000000;0,00000000000000;0,00000000000000;0,00000000000000;0,00000000000000;0,00000000000000;0,00000000000000;0,00000000000000;0,00000000000000;0,00000000000000;0,00000000000000;0,00000000000000;0,00000000000000;0,00000000000000;0,00000000000000;0,00000000000000;0,00000000000000;0,00000000000000;0,00000000000000;0,00000000000000
